"sexo","grupo_etario","jurisdiccion_residencia","jurisdiccion_residencia_id","depto_residencia","depto_residencia_id","jurisdiccion_aplicacion","jurisdiccion_aplicacion_id","depto_aplicacion","depto_aplicacion_id","fecha_aplicacion","vacuna","condicion_aplicacion",orden_dosis,"lote_vacuna"
"F","30-39","Buenos Aires","06","Tres de Febrero","840","Buenos Aires","06","Tres de Febrero","840","2021-04-09","AstraZeneca","Salud",1,"CTMAV501"
"M","70-79","Buenos Aires","06","Tres Arroyos","833","Buenos Aires","06","Tres Arroyos","833","2021-04-09","Sinopharm",">60",1,"2021030209"
"M","60-69","Buenos Aires","06","Florencio Varela","274","Buenos Aires","06","Florencio Varela","274","2021-04-09","Sinopharm",">60",1,"2021030209"
"F","30-39","Misiones","54","Capital","028","Misiones","54","Capital","028","2021-03-31","Sputnik","Estratégico",1,"I-060121"
"M","60-69","Buenos Aires","06","Bahía Blanca","056","Buenos Aires","06","Bahía Blanca","056","2021-04-09","Sinopharm",">60",1,"2021030202"
"F","60-69","Mendoza","50","Capital","007","Mendoza","50","Capital","007","2021-04-09","Sputnik",">60",1,"I-260321"
"M","60-69","Mendoza","50","Las Heras","049","Mendoza","50","Las Heras","049","2021-04-09","Sputnik",">60",1,"I-340321"
"F","40-49","Tucumán","90","Río Chico","077","Tucumán","90","Río Chico","077","2021-04-09","Sinopharm","Salud",2,"2021010043"
"F","70-79","Buenos Aires","06","Merlo","539","Buenos Aires","06","Merlo","539","2021-04-09","AstraZeneca","Salud",1,"CTMAV501"
"F","50-59","Neuquén","58","Confluencia","035","Neuquén","58","Confluencia","035","2021-04-09","Sinopharm","Riesgo",1,"2021030208"
"F","70-79","Buenos Aires","06","Tres Arroyos","833","Buenos Aires","06","Tres Arroyos","833","2021-04-09","Sinopharm",">60",1,"2021030209"
"M","60-69","Buenos Aires","06","Ensenada","245","Buenos Aires","06","Ensenada","245","2021-04-01","Sputnik",">60",1,"I-220321"
"F","60-69","Santiago del Estero","86","Banda","035","Santiago del Estero","86","Banda","035","2021-04-09","Sputnik",">60",1,"I-250321"
"M","60-69","CABA","02","COMUNA 1","001","Buenos Aires","06","Almirante Brown","028","2021-04-09","Sinopharm",">60",1,"2021030209"
"F","70-79","Buenos Aires","06","San Andrés de Giles","728","Buenos Aires","06","San Andrés de Giles","728","2021-04-09","Sinopharm",">60",1,"2021030209"
"F","60-69","Buenos Aires","06","Quilmes","658","Buenos Aires","06","Quilmes","658","2021-04-10","Sputnik",">60",1,"I-220321"
"M","70-79","Formosa","34","Patiño","035","Formosa","34","Patiño","035","2021-04-10","Sinopharm",">60",1,"2021030210"
"F","50-59","Formosa","34","Patiño","035","Formosa","34","Pilcomayo","049","2021-04-08","Sinopharm","Riesgo",1,"2021030203"
"F","80-89","Buenos Aires","06","Mar Chiquita","518","Buenos Aires","06","Mar Chiquita","518","2021-04-07","Sinopharm",">60",1,"2021010038"
"F","70-79","Buenos Aires","06","Tres de Febrero","840","Buenos Aires","06","Tres de Febrero","840","2021-04-08","Sputnik",">60",1,"I-40221"
"M","70-79","Buenos Aires","06","Azul","049","Buenos Aires","06","Azul","049","2021-04-09","Sinopharm",">60",1,"2021030209"
"M","70-79","Buenos Aires","06","Morón","568","Buenos Aires","06","Morón","568","2021-04-09","Sinopharm",">60",1,"2021030209"
"F","80-89","Buenos Aires","06","General San Martín","371","Buenos Aires","06","General San Martín","371","2021-04-09","Sputnik",">60",1,"I-40221"
"F","70-79","Buenos Aires","06","Moreno","560","Buenos Aires","06","Moreno","560","2021-04-01","Sputnik",">60",1,"I-250321"
"F","90-99","Buenos Aires","06","La Plata","441","Buenos Aires","06","General San Martín","371","2021-04-01","Sputnik",">60",1,"I-220321"
"F","60-69","Buenos Aires","06","Moreno","560","Buenos Aires","06","Moreno","560","2021-04-05","Sputnik",">60",1,"I-210321"
"M","70-79","Buenos Aires","06","Lomas de Zamora","490","Buenos Aires","06","Lomas de Zamora","490","2021-04-09","Sinopharm",">60",1,"2021030209"
"M","60-69","Buenos Aires","06","La Matanza","427","Buenos Aires","06","La Matanza","427","2021-04-08","Sinopharm",">60",1,"2021030209"
"F","70-79","Buenos Aires","06","Lanús","434","Buenos Aires","06","Lanús","434","2021-04-09","Sinopharm",">60",1,"2021030202"
"F","60-69","Buenos Aires","06","La Matanza","427","Buenos Aires","06","La Matanza","427","2021-04-09","Sinopharm",">60",1,"2021030209"
"F","30-39","Buenos Aires","06","Esteban Echeverría","260","Buenos Aires","06","Esteban Echeverría","260","2021-04-10","Sputnik","Salud",1,"I-70221"
"F","60-69","San Luis","74","General Pedernera","035","San Luis","74","General Pedernera","035","2021-04-09","Sputnik",">60",2,"II-150221"
"F","80-89","Buenos Aires","06","Esteban Echeverría","260","Buenos Aires","06","Esteban Echeverría","260","2021-04-10","Sinopharm",">60",1,"2021030209"
"M","18-29","Santiago del Estero","86","Capital","049","Santiago del Estero","86","Capital","049","2021-04-06","Sinopharm","Estratégico",1,"2021010044"
"F","70-79","Santa Fe","82","Rosario","084","Santa Fe","82","Rosario","084","2021-04-09","Sinopharm",">60",1,"2021030208"
"F","80-89","Buenos Aires","06","Quilmes","658","Buenos Aires","06","Quilmes","658","2021-04-09","Sinopharm",">60",1,"2021030209"
"M","70-79","Buenos Aires","06","Lomas de Zamora","490","Buenos Aires","06","Lomas de Zamora","490","2021-04-10","Sputnik",">60",1,"I-70221"
"F","70-79","Buenos Aires","06","General Pueyrredón","357","Buenos Aires","06","General Pueyrredón","357","2021-04-09","Sinopharm",">60",1,"2021030209"
"M","70-79","Buenos Aires","06","Tres de Febrero","840","Buenos Aires","06","Tres de Febrero","840","2021-04-10","Sinopharm",">60",1,"2021030209"
"F","60-69","Catamarca","10","Andalgalá","021","Santiago del Estero","86","Capital","049","2021-04-05","Sputnik",">60",1,"I-220321"
"M","60-69","Catamarca","10","Capital","049","Catamarca","10","Capital","049","2021-04-10","Sinopharm",">60",1,"2021030203"
"M","70-79","Buenos Aires","06","Zárate","882","Buenos Aires","06","Zárate","882","2021-04-10","Sinopharm",">60",1,"2021030209"
"F","70-79","Buenos Aires","06","General San Martín","371","Buenos Aires","06","General San Martín","371","2021-04-04","Sputnik",">60",1,"I-250321"
"F","70-79","Córdoba","14","General San Martín","042","Córdoba","14","General San Martín","042","2021-04-06","Sinopharm",">60",1,"2021030203"
"F","50-59","Buenos Aires","06","Mercedes","532","Buenos Aires","06","Mercedes","532","2021-04-09","Sputnik","Salud",1,"I-031220"
"F","70-79","CABA","02","COMUNA 1","001","CABA","02","COMUNA 4","004","2021-04-09","Sputnik",">60",1,"I-50221"
"F","70-79","Buenos Aires","06","Balcarce","063","Buenos Aires","06","Balcarce","063","2021-04-09","Sinopharm",">60",1,"2021010038"
"M","70-79","Chubut","26","Futaleufú","035","Buenos Aires","06","Salto","714","2021-04-08","Sinopharm",">60",1,"2021030209"
"M","60-69","Formosa","34","Pilagás","042","Formosa","34","Pilagás","042","2021-04-10","Sinopharm",">60",1,"2021030210"
"F","70-79","Mendoza","50","Guaymallén","028","Mendoza","50","Capital","007","2021-04-07","Sinopharm",">60",1,"2021010043"
"M","60-69","Formosa","34","Pilagás","042","Formosa","34","Pilagás","042","2021-04-10","Sinopharm",">60",1,"2021030210"
"F","70-79","Buenos Aires","06","Quilmes","658","Buenos Aires","06","Quilmes","658","2021-04-10","AstraZeneca","Salud",1,"CTMAV501"
"M","60-69","Buenos Aires","06","Lanús","434","Buenos Aires","06","Lanús","434","2021-04-08","Sputnik","Salud",1,"I-250321"
"F","70-79","Buenos Aires","06","Lanús","434","Buenos Aires","06","Lanús","434","2021-04-09","Sinopharm",">60",1,"2021030209"
"F","70-79","Buenos Aires","06","General San Martín","371","Buenos Aires","06","General San Martín","371","2021-04-08","Sputnik",">60",1,"I-40221"
"M","60-69","Buenos Aires","06","Bahía Blanca","056","Buenos Aires","06","Bahía Blanca","056","2021-04-07","Sinopharm",">60",1,"2021030202"
"M","60-69","Buenos Aires","06","Esteban Echeverría","260","Buenos Aires","06","Esteban Echeverría","260","2021-04-08","Sputnik",">60",1,"I-70221"
"F","60-69","Buenos Aires","06","Morón","568","Buenos Aires","06","Morón","568","2021-04-10","Sinopharm",">60",1,"2021030209"
"M","60-69","Tucumán","90","Tafí Viejo","105","Tucumán","90","Tafí Viejo","105","2021-04-09","Sputnik",">60",1,"I-250321"
"F","70-79","Buenos Aires","06","Quilmes","658","Buenos Aires","06","Quilmes","658","2021-04-09","Sinopharm",">60",1,"2021030209"
"F","50-59","CABA","02","COMUNA 1","001","CABA","02","COMUNA 4","004","2021-04-12","Sputnik","Salud",2,"II-80121"
"F","70-79","Santa Fe","82","San Justo","112","Santa Fe","82","San Cristóbal","091","2021-04-12","Sinopharm",">60",1,"2021030208"
"F","30-39","Santa Fe","82","Rosario","084","Santa Fe","82","Rosario","084","2021-04-12","Sputnik","Salud",1,"I-260321"
"M","70-79","Santa Fe","82","La Capital","063","Santa Fe","82","La Capital","063","2021-04-12","Sputnik",">60",1,"I-340321"
"F","60-69","Tucumán","90","Capital","084","Tucumán","90","Capital","084","2021-04-13","Sinopharm",">60",1,"2021030208"
"F","80-89","Buenos Aires","06","La Plata","441","Buenos Aires","06","Chivilcoy","224","2021-04-09","Sinopharm",">60",1,"2021030209"
"M","70-79","CABA","02","COMUNA 1","001","CABA","02","COMUNA 4","004","2021-04-12","Sputnik",">60",1,"I-350321"
"F","60-69","Entre Ríos","30","Concordia","015","Entre Ríos","30","Concordia","015","2021-04-13","Sinopharm",">60",1,"2021030210"
"M","70-79","La Pampa","42","Maracó","105","La Pampa","42","Maracó","105","2021-04-13","Sinopharm",">60",1,"2021030210"
"M","70-79","CABA","02","COMUNA 1","001","CABA","02","COMUNA 4","004","2021-04-12","Sputnik",">60",1,"I-350321"
"F","70-79","CABA","02","COMUNA 1","001","CABA","02","COMUNA 4","004","2021-04-12","Sinopharm",">60",1,"2021010038"
"M","70-79","Buenos Aires","06","San Isidro","756","Buenos Aires","06","San Isidro","756","2021-04-12","Sinopharm",">60",1,"2021030209"
"F","70-79","CABA","02","COMUNA 1","001","CABA","02","COMUNA 5","005","2021-04-12","Sputnik",">60",1,"I-340321"
"F","60-69","Buenos Aires","06","Merlo","539","Buenos Aires","06","Merlo","539","2021-04-13","Sputnik",">60",1,"I-250321"
"M","60-69","Chubut","26","Escalante","021","Chubut","26","Escalante","021","2021-04-13","Sinopharm",">60",1,"2021030203"
"F","60-69","Mendoza","50","San Martín","098","Mendoza","50","San Martín","098","2021-04-08","AstraZeneca",">60",1,"CTMAV501"
"F","70-79","CABA","02","COMUNA 1","001","CABA","02","COMUNA 4","004","2021-04-12","Sputnik",">60",1,"I-350321"
"M","18-29","S.I.","99","S.I.","999","Mendoza","50","Capital","007","2021-04-07","Sinopharm","Riesgo",1,"2021030208"
"F","70-79","Buenos Aires","06","Lomas de Zamora","490","Buenos Aires","06","Lomas de Zamora","490","2021-04-04","Sinopharm",">60",1,"2021030209"
"F","70-79","CABA","02","COMUNA 1","001","CABA","02","COMUNA 4","004","2021-04-12","Sputnik",">60",1,"I-350321"
"F","70-79","Santa Fe","82","La Capital","063","Santa Fe","82","La Capital","063","2021-04-12","Sputnik",">60",1,"I-340321"
"F","70-79","Santa Fe","82","Rosario","084","Santa Fe","82","Rosario","084","2021-04-12","Sputnik",">60",1,"I-340321"
"M","70-79","CABA","02","COMUNA 2","002","CABA","02","COMUNA 4","004","2021-04-12","Sputnik",">60",1,"I-350321"
"M","70-79","CABA","02","COMUNA 1","001","CABA","02","COMUNA 4","004","2021-04-10","Sputnik",">60",1,"I-340321"
"F","70-79","San Luis","74","La Capital","056","San Luis","74","La Capital","056","2021-04-12","Sinopharm",">60",1,"2021030210"
"M","70-79","Santa Fe","82","San Jerónimo","105","Santa Fe","82","San Jerónimo","105","2021-04-07","AstraZeneca",">60",1,"CTMAV501"
"F","30-39","Formosa","34","Patiño","035","Formosa","34","Patiño","035","2021-04-13","Sinopharm","Salud",2,"2021030210"
"F","70-79","Entre Ríos","30","Uruguay","098","Entre Ríos","30","Uruguay","098","2021-04-08","Sputnik",">60",1,"I-260321"
"F","70-79","Buenos Aires","06","Berazategui","091","Buenos Aires","06","Berazategui","091","2021-03-25","Sputnik",">60",1,"I-210321"
"M","60-69","Santiago del Estero","86","Banda","035","Santiago del Estero","86","Banda","035","2021-04-12","Sputnik",">60",1,"I-250321"
"M","70-79","Corrientes","18","Sauce","175","Corrientes","18","Sauce","175","2021-04-09","Sinopharm",">60",1,"2021030203"
"F","30-39","Buenos Aires","06","Hurlingham","408","Buenos Aires","06","Tres de Febrero","840","2021-04-12","Sinopharm","Salud",1,"2021030209"
"F","80-89","Buenos Aires","06","La Plata","441","Buenos Aires","06","Tres Arroyos","833","2021-04-10","Sinopharm",">60",1,"2021030209"
"F","70-79","CABA","02","COMUNA 1","001","CABA","02","COMUNA 4","004","2021-04-12","Sputnik",">60",1,"I-350321"
"M","80-89","Santa Fe","82","Belgrano","007","Santa Fe","82","Belgrano","007","2021-04-12","Sinopharm",">60",1,"2021030208"
"M","70-79","CABA","02","COMUNA 1","001","CABA","02","COMUNA 4","004","2021-04-11","Sputnik",">60",1,"I-340321"
"F","70-79","Chaco","22","Maipú","091","Chaco","22","Maipú","091","2021-04-05","Sputnik",">60",2,"I-210321"
"F","18-29","La Rioja","46","Capital","014","La Rioja","46","Capital","014","2021-04-12","Sinopharm","Riesgo",1,"2021030208"
"F","70-79","CABA","02","COMUNA 1","001","CABA","02","COMUNA 4","004","2021-04-12","Sputnik",">60",1,"I-350321"
"F","70-79","Santa Fe","82","Rosario","084","Santa Fe","82","Rosario","084","2021-04-12","Sinopharm",">60",1,"2021030208"
"F","80-89","Santa Fe","82","Belgrano","007","Santa Fe","82","Belgrano","007","2021-04-12","Sinopharm",">60",1,"2021030208"
"F","70-79","CABA","02","COMUNA 1","001","CABA","02","COMUNA 4","004","2021-04-12","Sputnik",">60",1,"I-350321"
"M","60-69","Misiones","54","Eldorado","042","Misiones","54","Eldorado","042","2021-04-13","Sputnik",">60",1,"I-250321"
"F","60-69","San Luis","74","Gobernador Dupuy","042","Mendoza","50","San Rafael","105","2021-04-12","Sinopharm",">60",1,"2021030208"
"F","70-79","Santa Fe","82","Rosario","084","Santa Fe","82","Rosario","084","2021-04-12","Sputnik",">60",1,"I-340321"
"F","60-69","Mendoza","50","San Martín","098","Mendoza","50","San Martín","098","2021-04-08","AstraZeneca",">60",1,"CTMAV501"
"F","70-79","Buenos Aires","06","Lomas de Zamora","490","Buenos Aires","06","Lomas de Zamora","490","2021-04-13","Sinopharm",">60",1,"2021030209"
"F","70-79","Buenos Aires","06","General Pueyrredón","357","Buenos Aires","06","General Pueyrredón","357","2021-03-26","Sputnik",">60",1,"I-110121"
"M","70-79","Buenos Aires","06","Vicente López","861","Buenos Aires","06","Vicente López","861","2021-04-11","Sinopharm",">60",1,"2021010038"
"M","70-79","Buenos Aires","06","Zárate","882","Buenos Aires","06","Zárate","882","2021-04-08","Sinopharm",">60",1,"2021030209"
"M","60-69","Entre Ríos","30","Colón","008","Entre Ríos","30","Colón","008","2021-04-12","Sinopharm",">60",1,"2021030202"
"M","60-69","Corrientes","18","Curuzú Cuatiá","035","Corrientes","18","Curuzú Cuatiá","035","2021-04-09","Sinopharm",">60",1,"2021030203"
"M","70-79","Santa Fe","82","Rosario","084","Santa Fe","82","Rosario","084","2021-04-12","Sinopharm",">60",1,"2021030208"
"M","70-79","Buenos Aires","06","Vicente López","861","Buenos Aires","06","Vicente López","861","2021-04-13","Sinopharm",">60",1,"2021030209"
"M","70-79","Buenos Aires","06","Lanús","434","Buenos Aires","06","Avellaneda","035","2021-04-12","Sputnik",">60",1,"I-340321"
"F","60-69","Tucumán","90","Capital","084","Tucumán","90","Lules","063","2021-04-12","Sputnik",">60",1,"I-220321"
"M","80-89","CABA","02","COMUNA 2","002","Buenos Aires","06","Bahía Blanca","056","2021-04-12","Sinopharm",">60",1,"2021030202"
"M","60-69","Buenos Aires","06","Pila","630","Buenos Aires","06","Pila","630","2021-04-12","COVISHIELD",">60",1,"4120Z023"
"M","70-79","Jujuy","38","Ledesma","035","Jujuy","38","Ledesma","035","2021-04-13","Sinopharm",">60",1,"2021030202"
"M","60-69","Corrientes","18","Monte Caseros","112","Corrientes","18","Monte Caseros","112","2021-04-13","Sinopharm",">60",1,"2021030203"
"F","30-39","Neuquén","58","Confluencia","035","Neuquén","58","Confluencia","035","2021-04-13","Sinopharm","Salud",1,"2021030210"
"M","70-79","Buenos Aires","06","General Pueyrredón","357","Buenos Aires","06","General Pueyrredón","357","2021-04-12","Sinopharm",">60",1,"2021030209"
"F","40-49","Tucumán","90","Monteros","070","Tucumán","90","Capital","084","2021-04-13","Sinopharm","Salud",2,"2021030208"
"F","60-69","Buenos Aires","06","Lomas de Zamora","490","Buenos Aires","06","Lomas de Zamora","490","2021-04-13","Sputnik",">60",1,"I-340321"
"M","70-79","Entre Ríos","30","Uruguay","098","Entre Ríos","30","Uruguay","098","2021-03-26","Sputnik",">60",1,"I-060121"
"M","60-69","Santiago del Estero","86","Capital","049","Santiago del Estero","86","Capital","049","2021-03-31","Sputnik",">60",1,"I-220321"
"F","60-69","Mendoza","50","Maipú","070","Mendoza","50","Maipú","070","2021-04-13","Sputnik",">60",1,"I-340321"
"F","60-69","San Juan","70","Chimbas","042","San Juan","70","Capital","028","2021-04-13","Sputnik",">60",1,"I-340321"
"M","40-49","Entre Ríos","30","Gualeguay","049","Entre Ríos","30","Gualeguay","049","2021-04-10","Sinopharm","Estratégico",2,"2021010044"
"M","70-79","Santa Fe","82","Rosario","084","Santa Fe","82","Rosario","084","2021-03-31","Sputnik",">60",1,"I-220321"
"M","70-79","Buenos Aires","06","La Matanza","427","Buenos Aires","06","La Matanza","427","2021-04-11","Sinopharm",">60",1,"2021030209"
"F","60-69","Buenos Aires","06","Morón","568","Buenos Aires","06","Morón","568","2021-04-11","Sinopharm",">60",1,"2021030209"
"F","60-69","Santa Fe","82","Castellanos","021","Santa Fe","82","Castellanos","021","2021-04-12","Sputnik",">60",1,"I-260321"
"F","70-79","Tucumán","90","Graneros","035","Tucumán","90","Graneros","035","2021-04-13","Sputnik",">60",1,"486010121"
"F","70-79","Santa Fe","82","Rosario","084","Santa Fe","82","Rosario","084","2021-04-12","Sputnik",">60",1,"I-260321"
"M","70-79","Santa Fe","82","San Lorenzo","119","Santa Fe","82","San Lorenzo","119","2021-04-08","Sinopharm",">60",1,"2021030208"
"M","70-79","Santa Fe","82","General Obligado","049","Santa Fe","82","General Obligado","049","2021-04-07","Sputnik",">60",1,"I-260321"
"F","70-79","Buenos Aires","06","Balcarce","063","Buenos Aires","06","Balcarce","063","2021-04-12","Sinopharm",">60",1,"2021030209"
"M","80-89","Buenos Aires","06","La Plata","441","Buenos Aires","06","La Plata","441","2021-04-12","Sinopharm",">60",1,"2021030209"
"M","70-79","Santa Fe","82","General López","042","Santa Fe","82","General López","042","2021-04-12","Sinopharm",">60",1,"2021030208"
"M","70-79","Buenos Aires","06","Necochea","581","Buenos Aires","06","Necochea","581","2021-04-13","Sinopharm",">60",1,"2021030209"
"M","60-69","Entre Ríos","30","San Salvador","088","Entre Ríos","30","San Salvador","088","2021-04-12","Sinopharm",">60",1,"2021010039"
"F","60-69","Santiago del Estero","86","Alberdi","014","Santiago del Estero","86","Alberdi","014","2021-04-13","Sinopharm",">60",1,"2021030208"
"F","70-79","Entre Ríos","30","Nogoyá","077","Entre Ríos","30","Nogoyá","077","2021-04-12","Sputnik",">60",1,"I-260321"
"M","40-49","San Juan","70","Caucete","035","San Juan","70","Caucete","035","2021-04-12","Sinopharm","Estratégico",1,"2021030208"
"F","60-69","Mendoza","50","Las Heras","049","Mendoza","50","Las Heras","049","2021-04-13","Sinopharm",">60",1,"2021030208"
"M","30-39","Formosa","34","Formosa","014","Formosa","34","Formosa","014","2021-04-12","AstraZeneca","Estratégico",1,"CTMAV501"
"F","70-79","Buenos Aires","06","Junín","413","Buenos Aires","06","Junín","413","2021-04-12","Sinopharm",">60",1,"2021030209"
"F","60-69","Santiago del Estero","86","Aguirre","007","Santiago del Estero","86","Aguirre","007","2021-04-12","Sinopharm",">60",1,"2021030208"
"F","70-79","CABA","02","COMUNA 1","001","CABA","02","COMUNA 4","004","2021-04-12","Sputnik",">60",1,"I-350321"
"M","70-79","CABA","02","COMUNA 1","001","CABA","02","COMUNA 4","004","2021-04-12","Sputnik",">60",1,"I-350321"
"F","70-79","CABA","02","COMUNA 1","001","CABA","02","COMUNA 5","005","2021-04-12","Sinopharm",">60",1,"2021010038"
"F","50-59","Tucumán","90","Tafí Viejo","105","Tucumán","90","Capital","084","2021-04-13","Sinopharm","Salud",1,"2021030208"
"M","80-89","Buenos Aires","06","La Plata","441","Buenos Aires","06","9 de Julio","588","2021-04-07","Sinopharm",">60",1,"2021030209"
"F","60-69","Buenos Aires","06","San Miguel","760","Buenos Aires","06","San Miguel","760","2021-04-13","Sputnik",">60",1,"I-250321"
"F","40-49","Chaco","22","25 de Mayo","168","Chaco","22","25 de Mayo","168","2021-03-15","Sinopharm","Estratégico",1,"2021010044"
"F","60-69","Buenos Aires","06","Quilmes","658","Buenos Aires","06","Quilmes","658","2021-04-11","Sinopharm",">60",1,"2021030202"
"M","70-79","Buenos Aires","06","Merlo","539","Buenos Aires","06","Merlo","539","2021-04-11","Sinopharm",">60",1,"2021030209"
"M","60-69","Buenos Aires","06","Ezeiza","270","Buenos Aires","06","Ezeiza","270","2021-04-12","Sinopharm",">60",1,"2021030209"
"M","60-69","Santa Fe","82","Castellanos","021","Santa Fe","82","Castellanos","021","2021-04-09","Sinopharm",">60",1,"2021030208"
"F","60-69","Santa Fe","82","General López","042","Santa Fe","82","General López","042","2021-04-12","Sinopharm",">60",1,"2021030208"
"F","60-69","Tucumán","90","Capital","084","Tucumán","90","Capital","084","2021-04-14","Sputnik",">60",1,"I-220321"
"M","60-69","Tucumán","90","Monteros","070","Tucumán","90","Monteros","070","2021-04-14","Sinopharm",">60",1,"2021030208"
"M","60-69","Buenos Aires","06","Florencio Varela","274","Buenos Aires","06","Florencio Varela","274","2021-04-10","Sputnik",">60",1,"I-250321"
"M","60-69","Entre Ríos","30","San Salvador","088","Entre Ríos","30","San Salvador","088","2021-04-09","AstraZeneca",">60",1,"CTMAV501"
"F","60-69","Buenos Aires","06","Moreno","560","Buenos Aires","06","Moreno","560","2021-04-14","Sputnik",">60",1,"I-340321"
"F","80-89","Buenos Aires","06","Lobería","476","Buenos Aires","06","Lobería","476","2021-04-14","Sinopharm",">60",1,"2021030209"
"M","60-69","Santa Cruz","78","Güer Aike","021","Santa Cruz","78","Güer Aike","021","2021-04-14","Sputnik",">60",1,"I-260321"
"F","60-69","Mendoza","50","Maipú","070","Mendoza","50","Maipú","070","2021-04-14","Sinopharm",">60",1,"2021030208"
"M","60-69","Santa Cruz","78","Deseado","014","Buenos Aires","06","Villarino","875","2021-04-13","Sputnik",">60",1,"I-340321"
"F","60-69","Buenos Aires","06","Lomas de Zamora","490","Buenos Aires","06","Lomas de Zamora","490","2021-04-13","Sinopharm",">60",1,"2021030209"
"F","70-79","CABA","02","COMUNA 1","001","CABA","02","COMUNA 4","004","2021-04-13","Sputnik",">60",1,"I-350321"
"F","60-69","Mendoza","50","Guaymallén","028","Mendoza","50","Guaymallén","028","2021-04-09","Sputnik",">60",1,"I-260321"
"F","60-69","Tucumán","90","Chicligasta","021","Tucumán","90","Chicligasta","021","2021-04-14","Sinopharm",">60",1,"2021030208"
"M","60-69","Buenos Aires","06","San Fernando","749","Buenos Aires","06","San Fernando","749","2021-04-14","Sputnik",">60",1,"I-340321"
"M","60-69","Buenos Aires","06","Merlo","539","Buenos Aires","06","Merlo","539","2021-04-12","Sinopharm",">60",1,"2021030209"
"M","60-69","Buenos Aires","06","Lomas de Zamora","490","Buenos Aires","06","Lomas de Zamora","490","2021-04-14","Sputnik",">60",1,"I-340321"
"F","80-89","Buenos Aires","06","Bahía Blanca","056","Buenos Aires","06","Bahía Blanca","056","2021-04-01","Sputnik",">60",1,"I-250321"
"F","70-79","CABA","02","COMUNA 1","001","CABA","02","COMUNA 4","004","2021-04-11","Sputnik",">60",1,"I-340321"
"M","70-79","CABA","02","COMUNA 13","013","CABA","02","COMUNA 4","004","2021-04-11","Sputnik",">60",1,"I-340321"
"F","70-79","Tucumán","90","Capital","084","Tucumán","90","Capital","084","2021-04-12","Sputnik",">60",2,"II-140221"
"M","70-79","Buenos Aires","06","Olavarría","595","Buenos Aires","06","Olavarría","595","2021-04-13","Sputnik",">60",1,"I-340321"
"F","30-39","Formosa","34","Patiño","035","Formosa","34","Patiño","035","2021-04-13","Sinopharm","Salud",2,"2021030210"
"M","60-69","Buenos Aires","06","General Rodríguez","364","Buenos Aires","06","General Rodríguez","364","2021-04-13","Sinopharm",">60",1,"2021010036"
"F","60-69","Salta","66","Capital","028","Salta","66","Capital","028","2021-04-12","Sputnik",">60",1,"I-220321"
"F","60-69","Buenos Aires","06","Moreno","560","Buenos Aires","06","Moreno","560","2021-04-09","Sinopharm",">60",1,"2021030209"
"F","60-69","Buenos Aires","06","General San Martín","371","Buenos Aires","06","General San Martín","371","2021-04-13","Sinopharm",">60",1,"2021030209"
"M","70-79","Buenos Aires","06","General San Martín","371","Buenos Aires","06","General San Martín","371","2021-04-13","Sputnik",">60",1,"I-340321"
"M","70-79","CABA","02","COMUNA 1","001","CABA","02","COMUNA 4","004","2021-04-13","Sputnik","Salud",2,"II-80121"
"M","60-69","CABA","02","COMUNA 1","001","Buenos Aires","06","La Matanza","427","2021-04-11","Sinopharm",">60",1,"2021030209"
"F","40-49","Buenos Aires","06","Necochea","581","Buenos Aires","06","Necochea","581","2021-04-07","Sinopharm","Salud",1,"2021030209"
"F","80-89","Buenos Aires","06","General Alvarado","280","Buenos Aires","06","General Alvarado","280","2021-04-08","Sinopharm",">60",1,"2021010048"
"M","60-69","CABA","02","COMUNA 2","002","CABA","02","COMUNA 4","004","2021-04-12","Sputnik","Salud",2,"II-80121"
"M","70-79","Buenos Aires","06","Almirante Brown","028","Buenos Aires","06","Almirante Brown","028","2021-04-13","Sinopharm",">60",1,"2021030209"
"F","70-79","Córdoba","14","Capital","014","Córdoba","14","Capital","014","2021-04-13","Sputnik",">60",2,"II-140221"
"F","70-79","CABA","02","COMUNA 1","001","CABA","02","COMUNA 4","004","2021-04-13","Sputnik",">60",1,"I-350321"
"F","70-79","CABA","02","COMUNA 1","001","CABA","02","COMUNA 3","003","2021-04-12","Sinopharm",">60",1,"2021010038"
"F","70-79","Buenos Aires","06","Lomas de Zamora","490","Buenos Aires","06","Lomas de Zamora","490","2021-04-08","Sputnik",">60",1,"I-210321"
"F","60-69","La Rioja","46","Capital","014","La Rioja","46","Capital","014","2021-04-12","Sinopharm",">60",1,"2021030208"
"F","60-69","Entre Ríos","30","Paraná","084","Entre Ríos","30","Paraná","084","2021-04-12","Sinopharm",">60",1,"2021030210"
"M","60-69","Entre Ríos","30","Feliciano","042","Entre Ríos","30","Feliciano","042","2021-04-08","Sputnik",">60",1,"I-260321"
"M","60-69","Mendoza","50","La Paz","042","Mendoza","50","La Paz","042","2021-04-13","AstraZeneca",">60",1,"CTMAV501"
"F","70-79","Córdoba","14","Capital","014","Córdoba","14","Capital","014","2021-04-13","Sputnik",">60",2,"II-140221"
"F","80-89","Buenos Aires","06","General Pinto","351","Buenos Aires","06","General Pinto","351","2021-04-14","Sputnik",">60",1,"I-340321"
"M","70-79","Tucumán","90","Monteros","070","Tucumán","90","Monteros","070","2021-04-14","Sinopharm",">60",1,"2021030208"
"F","60-69","Buenos Aires","06","Bahía Blanca","056","Buenos Aires","06","Bahía Blanca","056","2021-04-12","Sputnik",">60",1,"I-70221"
"M","40-49","Tucumán","90","Yerba Buena","119","Tucumán","90","Capital","084","2021-04-12","Sinopharm","Salud",1,"2021030208"
"F","60-69","Tucumán","90","Cruz Alta","014","Tucumán","90","Cruz Alta","014","2021-04-12","Sputnik",">60",1,"I-250321"
"M","70-79","Buenos Aires","06","Tigre","805","Buenos Aires","06","Tigre","805","2021-04-12","Sinopharm",">60",1,"2021030209"
"M","40-49","Buenos Aires","06","Berisso","098","Buenos Aires","06","La Plata","441","2021-04-13","Sinopharm","Salud",1,"2021030209"
"F","70-79","Buenos Aires","06","Brandsen","119","Buenos Aires","06","Brandsen","119","2021-04-10","Sinopharm",">60",1,"2021010048"
"M","70-79","Santa Fe","82","Rosario","084","Santa Fe","82","Rosario","084","2021-04-13","Sputnik",">60",1,"I-340321"
"F","60-69","Buenos Aires","06","Quilmes","658","Buenos Aires","06","Quilmes","658","2021-04-13","Sputnik",">60",1,"I-340321"
"F","60-69","Corrientes","18","Concepción","028","Corrientes","18","Concepción","028","2021-04-07","Sinopharm",">60",1,"2021030203"
"F","60-69","Buenos Aires","06","Avellaneda","035","Buenos Aires","06","Avellaneda","035","2021-04-11","Sputnik",">60",1,"I-340321"
"F","70-79","Santa Fe","82","Rosario","084","Santa Fe","82","Rosario","084","2021-04-12","Sputnik",">60",1,"I-340321"
"M","70-79","Tucumán","90","Capital","084","Tucumán","90","Capital","084","2021-04-12","Sputnik",">60",2,"II-140221"
"F","60-69","CABA","02","COMUNA 8","008","Buenos Aires","06","La Plata","441","2021-04-12","AstraZeneca","Salud",1,"CTMAV501"
"F","60-69","Santiago del Estero","86","Banda","035","Santiago del Estero","86","Banda","035","2021-04-12","Sputnik",">60",1,"I-070121"
"F","70-79","Buenos Aires","06","San Isidro","756","Buenos Aires","06","San Isidro","756","2021-04-12","Sinopharm",">60",1,"2021030209"
"F","60-69","Salta","66","Capital","028","Salta","66","Capital","028","2021-04-12","Sinopharm",">60",1,"2021010036"
"M","60-69","Mendoza","50","Maipú","070","Mendoza","50","Maipú","070","2021-04-13","Sinopharm",">60",1,"2021030208"
"F","60-69","Santa Cruz","78","Güer Aike","021","Santa Cruz","78","Güer Aike","021","2021-04-13","Sinopharm",">60",1,"2021030210"
"M","70-79","Buenos Aires","06","Almirante Brown","028","Buenos Aires","06","Almirante Brown","028","2021-04-11","Sinopharm",">60",1,"2021030209"
"M","60-69","Santa Cruz","78","Güer Aike","021","Chubut","26","Biedma","007","2021-04-11","Sinopharm",">60",1,"2021030203"
"F","60-69","Buenos Aires","06","Avellaneda","035","Buenos Aires","06","Quilmes","658","2021-04-13","Sputnik",">60",1,"I-340321"
"M","60-69","Entre Ríos","30","Gualeguaychú","056","Entre Ríos","30","Gualeguaychú","056","2021-04-13","Sinopharm",">60",1,"2021030202"
"M","60-69","Buenos Aires","06","Morón","568","Buenos Aires","06","Morón","568","2021-04-13","Sinopharm",">60",1,"2021030209"
"M","60-69","Córdoba","14","Capital","014","Córdoba","14","Capital","014","2021-04-12","Sputnik",">60",1,"I-340321"
"F","60-69","Jujuy","38","San Pedro","063","Jujuy","38","San Pedro","063","2021-04-08","Sinopharm",">60",1,"2021030202"
"M","60-69","Mendoza","50","Maipú","070","Mendoza","50","Maipú","070","2021-04-12","Sputnik",">60",1,"I-340321"
"F","80-89","Salta","66","Metán","112","Salta","66","Metán","112","2021-04-12","Sinopharm",">60",1,"2021030208"
"F","30-39","Buenos Aires","06","San Isidro","756","Buenos Aires","06","San Fernando","749","2021-04-01","AstraZeneca","Salud",1,"CTMAV501"
"M","70-79","CABA","02","COMUNA 1","001","CABA","02","COMUNA 4","004","2021-04-12","Sputnik",">60",1,"I-350321"
"F","70-79","Buenos Aires","06","Morón","568","Buenos Aires","06","Morón","568","2021-04-05","AstraZeneca",">60",1,"CTMAV501"
"F","70-79","Buenos Aires","06","Lanús","434","Buenos Aires","06","Lanús","434","2021-04-12","Sinopharm",">60",1,"2021010038"
"M","70-79","Buenos Aires","06","General Pueyrredón","357","Buenos Aires","06","General Pueyrredón","357","2021-04-06","Sinopharm",">60",1,"2021030209"
"M","70-79","CABA","02","COMUNA 1","001","CABA","02","COMUNA 4","004","2021-04-13","Sputnik",">60",1,"I-340321"
"F","90-99","Entre Ríos","30","Federal","035","Entre Ríos","30","Federal","035","2021-03-30","Sputnik",">60",1,"I-220321"
"F","60-69","Misiones","54","Capital","028","Misiones","54","Capital","028","2021-04-12","Sputnik",">60",1,"I-260321"
"F","70-79","CABA","02","COMUNA 1","001","CABA","02","COMUNA 4","004","2021-04-12","Sputnik",">60",1,"I-350321"
"F","40-49","Santa Fe","82","Rosario","084","Santa Fe","82","Rosario","084","2021-04-12","Sputnik","Salud",1,"I-260321"
"M","40-49","La Pampa","42","Capital","021","La Pampa","42","Capital","021","2021-04-11","Sinopharm","Estratégico",1,"2021030210"
"M","60-69","Santa Cruz","78","Deseado","014","Santa Cruz","78","Deseado","014","2021-04-12","COVISHIELD",">60",1,"4120Z023"
"M","40-49","Formosa","34","Patiño","035","Formosa","34","Patiño","035","2021-04-13","Sinopharm","Salud",2,"2021030210"
"M","70-79","San Luis","74","Belgrano","014","San Luis","74","La Capital","056","2021-04-13","Sputnik",">60",2,"II-20121"
"F","60-69","Santa Fe","82","Belgrano","007","Santa Fe","82","Belgrano","007","2021-04-13","Sinopharm",">60",1,"2021030208"
"M","60-69","Santa Fe","82","La Capital","063","Santa Fe","82","La Capital","063","2021-04-13","Sputnik",">60",1,"I-340321"
"F","70-79","Buenos Aires","06","San Nicolás","763","Santa Fe","82","Rosario","084","2021-04-13","Sputnik",">60",1,"I-340321"
"F","60-69","Formosa","34","Formosa","014","Formosa","34","Formosa","014","2021-04-14","Sinopharm",">60",1,"2021030210"
"F","70-79","Santa Fe","82","Rosario","084","Santa Fe","82","Rosario","084","2021-04-13","Sputnik",">60",1,"I-340321"
"M","30-39","CABA","02","COMUNA 10","010","Buenos Aires","06","La Matanza","427","2021-04-13","Sputnik","Salud",1,"I-120121"
"F","60-69","Mendoza","50","Maipú","070","Mendoza","50","Maipú","070","2021-04-12","Sputnik",">60",1,"I-340321"
"M","60-69","Buenos Aires","06","La Plata","441","Buenos Aires","06","La Plata","441","2021-04-14","Sputnik",">60",1,"I-340321"
"F","80-89","Santa Fe","82","Rosario","084","Santa Fe","82","Rosario","084","2021-04-13","Sputnik",">60",1,"I-340321"
"F","40-49","La Rioja","46","Capital","014","La Rioja","46","Capital","014","2021-04-13","Sinopharm","Riesgo",1,"2021030208"
"F","60-69","Jujuy","38","Santa Bárbara","070","Jujuy","38","Santa Bárbara","070","2021-04-13","Sinopharm",">60",1,"2021010044"
"F","70-79","Tucumán","90","Capital","084","Tucumán","90","Capital","084","2021-04-13","Sputnik",">60",1,"I-220321"
"M","60-69","Buenos Aires","06","Florencio Varela","274","Buenos Aires","06","Florencio Varela","274","2021-04-11","Sinopharm",">60",1,"2021030209"
"M","60-69","Formosa","34","Formosa","014","Formosa","34","Formosa","014","2021-04-11","Sinopharm",">60",1,"2021030203"
"M","60-69","La Pampa","42","Chapaleufú","056","La Pampa","42","Chapaleufú","056","2021-04-11","Sinopharm",">60",1,"2021030210"
"M","70-79","Santa Fe","82","General López","042","Santa Fe","82","General López","042","2021-04-08","AstraZeneca",">60",1,"CTMAV501"
"M","70-79","Santa Fe","82","Rosario","084","Santa Fe","82","Rosario","084","2021-04-07","Sputnik",">60",1,"I-240321"
"F","70-79","Buenos Aires","06","Tandil","791","Buenos Aires","06","Tandil","791","2021-04-15","Sputnik",">60",1,"I-340321"
"F","60-69","Buenos Aires","06","Tigre","805","Buenos Aires","06","Tigre","805","2021-04-15","Sputnik",">60",1,"I-340321"
"F","70-79","CABA","02","COMUNA 15","015","CABA","02","COMUNA 4","004","2021-04-15","Sputnik",">60",1,"I-340321"
"F","70-79","Mendoza","50","Maipú","070","Mendoza","50","Maipú","070","2021-04-15","Sputnik",">60",2,"II-90121"
"M","70-79","Chubut","26","Escalante","021","Buenos Aires","06","La Plata","441","2021-04-04","AstraZeneca",">60",1,"CTMAV501"
"M","70-79","Santa Fe","82","Rosario","084","Santa Fe","82","Rosario","084","2021-04-14","Sinopharm",">60",1,"2021030208"
"F","70-79","Buenos Aires","06","La Matanza","427","Buenos Aires","06","La Matanza","427","2021-04-03","AstraZeneca",">60",1,"CTMAV501"
"F","60-69","Mendoza","50","Tupungato","126","Mendoza","50","Tupungato","126","2021-04-12","Sinopharm",">60",1,"2021030208"
"M","50-59","Buenos Aires","06","La Plata","441","Buenos Aires","06","La Plata","441","2021-04-12","Sputnik","Salud",1,"I-250321"
"F","70-79","Buenos Aires","06","Necochea","581","Buenos Aires","06","Necochea","581","2021-04-12","Sinopharm",">60",1,"2021030209"
"F","70-79","Córdoba","14","Punilla","091","Córdoba","14","Punilla","091","2021-03-16","Sputnik",">60",2,"II-0800221"
"F","60-69","Buenos Aires","06","Avellaneda","035","Buenos Aires","06","Avellaneda","035","2021-04-14","Sputnik",">60",1,"I-340321"
"M","80-89","Tucumán","90","Río Chico","077","Tucumán","90","Río Chico","077","2021-04-15","Sputnik",">60",1,"I-110121"
"M","60-69","CABA","02","COMUNA 1","001","Buenos Aires","06","Vicente López","861","2021-04-15","Sputnik",">60",1,"I-340321"
"M","70-79","Buenos Aires","06","Daireaux","231","Buenos Aires","06","Daireaux","231","2021-04-15","Sputnik",">60",1,"I-340321"
"F","18-29","Entre Ríos","30","Concordia","015","Entre Ríos","30","Concordia","015","2021-04-14","Sinopharm","Estratégico",1,"2021010044"
"M","18-29","Buenos Aires","06","Quilmes","658","Buenos Aires","06","Quilmes","658","2021-04-08","Sinopharm","Salud",1,"2021030209"
"M","90-99","Córdoba","14","Capital","014","Córdoba","14","Capital","014","2021-04-12","Sputnik",">60",2,"II-140221"
"F","90-99","Córdoba","14","Capital","014","Córdoba","14","Capital","014","2021-04-12","Sputnik",">60",2,"II-140221"
"F","60-69","CABA","02","COMUNA 1","001","CABA","02","COMUNA 4","004","2021-04-12","Sputnik","Salud",2,"II-80121"
"F","70-79","Buenos Aires","06","Avellaneda","035","Buenos Aires","06","Avellaneda","035","2021-04-02","AstraZeneca",">60",1,"CTMAV501"
"M","70-79","Corrientes","18","Mercedes","105","Corrientes","18","Mercedes","105","2021-04-06","COVISHIELD",">60",1,"4120Z023"
"F","70-79","Buenos Aires","06","Zárate","882","Buenos Aires","06","Zárate","882","2021-04-08","Sinopharm",">60",1,"2021030209"
"F","80-89","Santa Fe","82","La Capital","063","Santa Fe","82","La Capital","063","2021-03-17","Sputnik",">60",1,"I-080121"
"F","70-79","Buenos Aires","06","Tandil","791","Buenos Aires","06","Tandil","791","2021-04-08","Sinopharm",">60",1,"2021030209"
"F","30-39","Mendoza","50","Godoy Cruz","021","Mendoza","50","Las Heras","049","2021-04-14","Sinopharm","Salud",1,"2021030208"
"F","60-69","Buenos Aires","06","La Plata","441","Corrientes","18","Esquina","049","2021-04-13","Sinopharm",">60",1,"2021030203"
"F","70-79","Santa Fe","82","Rosario","084","Santa Fe","82","Rosario","084","2021-04-10","Sputnik",">60",1,"I-260321"
"M","60-69","Buenos Aires","06","La Matanza","427","Buenos Aires","06","La Matanza","427","2021-04-13","Sinopharm",">60",1,"2021030209"
"F","60-69","Santiago del Estero","86","Río Hondo","147","Santiago del Estero","86","Río Hondo","147","2021-04-14","Sinopharm",">60",1,"2021030210"
"F","70-79","Córdoba","14","Cruz del Eje","028","Córdoba","14","Cruz del Eje","028","2021-04-15","Sputnik",">60",1,"I-350321"
"M","70-79","Buenos Aires","06","General Pueyrredón","357","Buenos Aires","06","General Pueyrredón","357","2021-04-03","AstraZeneca",">60",1,"CTMAV501"
"M","18-29","Buenos Aires","06","Tigre","805","CABA","02","COMUNA 1","001","2021-04-13","Sinopharm","Estratégico",1,"2021010038"
"M","70-79","Buenos Aires","06","La Plata","441","Buenos Aires","06","Bahía Blanca","056","2021-04-04","AstraZeneca",">60",1,"CTMAV501"
"M","60-69","Santa Fe","82","La Capital","063","Santa Fe","82","La Capital","063","2021-04-14","Sinopharm",">60",1,"2021030208"
"F","60-69","Salta","66","Capital","028","Salta","66","Capital","028","2021-04-09","Sinopharm",">60",1,"2021030208"
"F","60-69","Tucumán","90","Monteros","070","Tucumán","90","Monteros","070","2021-04-12","Sinopharm",">60",1,"2021030208"
"F","60-69","Buenos Aires","06","Merlo","539","Buenos Aires","06","Merlo","539","2021-04-12","Sputnik",">60",1,"I-210321"
"F","70-79","CABA","02","COMUNA 1","001","CABA","02","COMUNA 4","004","2021-04-13","Sputnik",">60",1,"I-350321"
"M","70-79","CABA","02","COMUNA 6","006","CABA","02","COMUNA 4","004","2021-04-13","Sputnik",">60",1,"I-350321"
"F","80-89","Córdoba","14","San Justo","140","Córdoba","14","San Justo","140","2021-03-31","Sputnik",">60",1,"I-240321"
"F","70-79","Santa Fe","82","La Capital","063","Santa Fe","82","La Capital","063","2021-04-12","Sputnik",">60",1,"I-340321"
"M","60-69","Buenos Aires","06","Florencio Varela","274","Buenos Aires","06","Florencio Varela","274","2021-04-08","Sinopharm",">60",1,"2021030209"
"M","60-69","Buenos Aires","06","Escobar","252","Buenos Aires","06","Escobar","252","2021-04-08","Sinopharm",">60",1,"2021030209"
"M","70-79","Buenos Aires","06","San Isidro","756","Buenos Aires","06","San Isidro","756","2021-04-11","Sinopharm",">60",1,"2021030209"
"M","60-69","Santa Fe","82","General López","042","Santa Fe","82","General López","042","2021-04-15","Sinopharm",">60",1,"2021030208"
"F","80-89","Chaco","22","Chacabuco","028","Chaco","22","Chacabuco","028","2021-04-15","Sputnik",">60",2,"II-080221"
"F","70-79","Buenos Aires","06","Lomas de Zamora","490","Buenos Aires","06","Lomas de Zamora","490","2021-04-04","AstraZeneca",">60",1,"CTMAV501"
"F","60-69","San Juan","70","Rivadavia","084","San Juan","70","Rivadavia","084","2021-04-14","Sputnik",">60",1,"I-340321"
"M","30-39","Catamarca","10","Fray Mamerto Esquiú","063","Catamarca","10","Capital","049","2021-04-12","Sinopharm","Estratégico",1,"2021030210"
"M","30-39","Mendoza","50","Las Heras","049","Mendoza","50","Las Heras","049","2021-04-12","COVISHIELD","Salud",1,"4120Z023"
"F","90-99","Buenos Aires","06","Almirante Brown","028","Buenos Aires","06","Lomas de Zamora","490","2021-04-15","Sputnik",">60",1,"I-340321"
"F","60-69","Entre Ríos","30","Concordia","015","Entre Ríos","30","Concordia","015","2021-04-16","Sinopharm",">60",1,"2021030210"
"F","60-69","Buenos Aires","06","San Miguel","760","Buenos Aires","06","San Miguel","760","2021-04-14","Sinopharm",">60",1,"2021030209"
"F","70-79","Buenos Aires","06","Berazategui","091","Buenos Aires","06","Berazategui","091","2021-04-11","Sinopharm",">60",1,"2021030209"
"M","70-79","CABA","02","COMUNA 14","014","CABA","02","COMUNA 4","004","2021-04-04","Sputnik",">60",1,"I-220321"
"F","60-69","CABA","02","COMUNA 12","012","Buenos Aires","06","Moreno","560","2021-04-14","Sputnik",">60",1,"I-340321"
"M","60-69","Buenos Aires","06","La Matanza","427","Buenos Aires","06","La Matanza","427","2021-04-14","Sinopharm",">60",1,"2021030209"
"F","60-69","Buenos Aires","06","La Matanza","427","Buenos Aires","06","La Matanza","427","2021-04-14","Sputnik",">60",1,"I-340321"
"M","90-99","Córdoba","14","Río Cuarto","098","Córdoba","14","Río Cuarto","098","2021-03-10","Sputnik",">60",1,"I-140121"
"F","60-69","Buenos Aires","06","La Plata","441","Buenos Aires","06","La Plata","441","2021-04-14","Sputnik",">60",1,"I-340321"
"M","70-79","Buenos Aires","06","Tres Arroyos","833","Buenos Aires","06","Tres Arroyos","833","2021-04-14","Sputnik",">60",1,"I-340321"
"F","60-69","Buenos Aires","06","Florencio Varela","274","Buenos Aires","06","Florencio Varela","274","2021-04-07","Sinopharm",">60",1,"2021030209"
"M","40-49","San Luis","74","Junín","049","San Luis","74","Junín","049","2021-04-10","Sinopharm","Riesgo",1,"2021030208"
"F","70-79","CABA","02","COMUNA 1","001","CABA","02","COMUNA 4","004","2021-04-11","Sputnik",">60",1,"I-340321"
"F","80-89","Córdoba","14","Punilla","091","Córdoba","14","Punilla","091","2021-04-08","Sinopharm",">60",1,"2021030203"
"F","60-69","CABA","02","COMUNA 1","001","CABA","02","COMUNA 4","004","2021-04-13","Sputnik","Salud",2,"II-80121"
"M","80-89","Buenos Aires","06","Ezeiza","270","Buenos Aires","06","Ezeiza","270","2021-04-14","Sinopharm",">60",1,"2021010048"
"F","60-69","Buenos Aires","06","Berazategui","091","Buenos Aires","06","Berazategui","091","2021-04-14","Sputnik",">60",1,"I-340321"
"F","70-79","Santa Fe","82","Rosario","084","Santa Fe","82","Rosario","084","2021-04-12","Sinopharm",">60",1,"2021030208"
"M","60-69","Buenos Aires","06","Esteban Echeverría","260","Buenos Aires","06","Esteban Echeverría","260","2021-04-12","Sinopharm",">60",1,"2021030209"
"F","40-49","Mendoza","50","Godoy Cruz","021","Mendoza","50","Capital","007","2021-03-29","Sinopharm","Salud",1,"2021010039"
"M","60-69","Corrientes","18","Paso de los Libres","119","Corrientes","18","Paso de los Libres","119","2021-04-12","Sinopharm",">60",1,"2021030203"
"F","70-79","Córdoba","14","Unión","182","Córdoba","14","Unión","182","2021-04-13","Sinopharm",">60",1,"2021030203"
"F","60-69","Neuquén","58","Confluencia","035","Neuquén","58","Confluencia","035","2021-04-14","Sinopharm",">60",1,"2021030210"
"F","60-69","CABA","02","COMUNA 3","003","Buenos Aires","06","La Matanza","427","2021-04-14","Sputnik",">60",1,"I-340321"
"F","70-79","CABA","02","COMUNA 12","012","CABA","02","COMUNA 4","004","2021-04-10","Sputnik",">60",1,"I-340321"
"F","90-99","Córdoba","14","Capital","014","Córdoba","14","Capital","014","2021-04-10","Sputnik",">60",1,"I-340321"
"F","60-69","Buenos Aires","06","La Plata","441","Buenos Aires","06","Ezeiza","270","2021-04-07","Sinopharm",">60",1,"2021030209"
"F","60-69","Santiago del Estero","86","Jiménez","091","Santiago del Estero","86","Jiménez","091","2021-04-12","Sinopharm",">60",1,"2021030208"
"M","60-69","Entre Ríos","30","Paraná","084","Entre Ríos","30","Paraná","084","2021-04-12","Sinopharm",">60",1,"2021030210"
"F","60-69","Río Negro","62","General Roca","042","Río Negro","62","General Roca","042","2021-04-12","COVISHIELD",">60",1,"4120Z023"
"F","70-79","Santa Fe","82","Rosario","084","Santa Fe","82","Rosario","084","2021-04-12","Sputnik",">60",1,"I-260321"
"F","80-89","Santa Fe","82","Constitución","028","Santa Fe","82","Constitución","028","2021-04-12","Sinopharm",">60",1,"2021030208"
"F","60-69","Chaco","22","9 de Julio","105","Chaco","22","9 de Julio","105","2021-04-14","Sinopharm",">60",1,"2021030203"
"F","70-79","Corrientes","18","General Alvear","056","Corrientes","18","General Alvear","056","2021-04-13","Sinopharm",">60",1,"2021030203"
"F","60-69","Buenos Aires","06","La Matanza","427","Buenos Aires","06","La Matanza","427","2021-04-11","Sinopharm",">60",1,"2021030209"
"F","60-69","Tucumán","90","Capital","084","Tucumán","90","Lules","063","2021-04-14","Sputnik",">60",1,"I-220321"
"M","70-79","Entre Ríos","30","Villaguay","113","Entre Ríos","30","Villaguay","113","2021-04-09","Sinopharm",">60",1,"2021010039"
"F","40-49","Buenos Aires","06","Tandil","791","Buenos Aires","06","Tandil","791","2021-04-07","Sinopharm","Salud",1,"2021030209"
"M","70-79","Buenos Aires","06","Hurlingham","408","Buenos Aires","06","Hurlingham","408","2021-04-08","Sinopharm",">60",1,"2021030209"
"F","70-79","Santa Fe","82","San Jerónimo","105","Santa Fe","82","San Jerónimo","105","2021-04-06","AstraZeneca",">60",1,"CTMAV501"
"F","70-79","Buenos Aires","06","Tigre","805","Buenos Aires","06","Tigre","805","2021-04-13","Sinopharm",">60",1,"2021030209"
"M","60-69","Mendoza","50","Luján de Cuyo","063","Mendoza","50","Luján de Cuyo","063","2021-04-14","Sputnik",">60",1,"I-340321"
"M","60-69","Buenos Aires","06","Florencio Varela","274","Buenos Aires","06","Florencio Varela","274","2021-04-08","Sinopharm",">60",1,"2021030209"
"M","70-79","Buenos Aires","06","Lomas de Zamora","490","Buenos Aires","06","Lomas de Zamora","490","2021-04-08","Sputnik",">60",1,"I-210321"
"M","70-79","Buenos Aires","06","Bahía Blanca","056","Buenos Aires","06","Bahía Blanca","056","2021-04-12","Sinopharm",">60",1,"2021030202"
"F","60-69","Entre Ríos","30","San Salvador","088","Entre Ríos","30","San Salvador","088","2021-04-12","Sinopharm",">60",1,"2021010044"
"F","18-29","Córdoba","14","Santa María","147","Córdoba","14","Santa María","147","2021-04-12","Sputnik","Salud",1,"I-250321"
"M","70-79","CABA","02","S.I.","999","CABA","02","COMUNA 4","004","2021-04-13","Sputnik",">60",1,"I-350321"
"M","70-79","CABA","02","COMUNA 1","001","CABA","02","COMUNA 4","004","2021-04-14","Sputnik",">60",1,"I-350321"
"F","60-69","Santa Fe","82","La Capital","063","Santa Fe","82","La Capital","063","2021-04-10","Sinopharm",">60",1,"2021030208"
"M","80-89","Buenos Aires","06","Lincoln","469","Buenos Aires","06","Lincoln","469","2021-04-07","Sinopharm",">60",1,"2021030209"
"F","60-69","CABA","02","COMUNA 1","001","CABA","02","COMUNA 4","004","2021-04-13","Sputnik","Salud",2,"II-80121"
"F","60-69","Entre Ríos","30","San Salvador","088","Entre Ríos","30","San Salvador","088","2021-04-12","Sinopharm",">60",1,"2021010044"
"F","60-69","Jujuy","38","Susques","084","Jujuy","38","Susques","084","2021-04-12","Sinopharm",">60",1,"2021030202"
"F","70-79","CABA","02","COMUNA 5","005","CABA","02","COMUNA 4","004","2021-04-14","Sputnik",">60",1,"I-340321"
"F","80-89","Entre Ríos","30","Uruguay","098","Entre Ríos","30","Uruguay","098","2021-03-26","Sputnik",">60",1,"I-060121"
"F","70-79","Buenos Aires","06","San Isidro","756","Buenos Aires","06","San Isidro","756","2021-04-12","Sinopharm",">60",1,"2021010043"
"F","70-79","CABA","02","COMUNA 2","002","CABA","02","COMUNA 3","003","2021-04-12","Sinopharm",">60",1,"2021010038"
"F","60-69","Santiago del Estero","86","Río Hondo","147","Santiago del Estero","86","Río Hondo","147","2021-04-14","Sinopharm",">60",1,"2021030210"
"M","60-69","Río Negro","62","General Roca","042","Río Negro","62","General Roca","042","2021-04-14","Sinopharm",">60",1,"2021030208"
"M","50-59","Chubut","26","Cushamen","014","Chubut","26","Cushamen","014","2021-04-08","COVISHIELD","Riesgo",1,"4120Z023"
"M","60-69","CABA","02","COMUNA 1","001","Buenos Aires","06","Pilar","638","2021-04-12","Sputnik",">60",1,"I-40221"
"M","70-79","Córdoba","14","Punilla","091","Córdoba","14","Punilla","091","2021-04-13","Sputnik",">60",2,"II-140221"
"F","60-69","Santiago del Estero","86","Río Hondo","147","Santiago del Estero","86","Río Hondo","147","2021-04-13","Sinopharm",">60",1,"2021030210"
"F","60-69","Mendoza","50","Capital","007","Mendoza","50","Capital","007","2021-04-09","Sputnik",">60",1,"I-260321"
"F","60-69","Tucumán","90","Capital","084","Tucumán","90","Monteros","070","2021-04-12","Sinopharm",">60",1,"2021030208"
"M","60-69","Buenos Aires","06","La Matanza","427","Buenos Aires","06","La Matanza","427","2021-04-08","Sinopharm",">60",1,"2021030209"
"M","60-69","Buenos Aires","06","Bahía Blanca","056","Buenos Aires","06","Bahía Blanca","056","2021-04-13","Sinopharm",">60",1,"2021030202"
"M","60-69","Buenos Aires","06","Almirante Brown","028","Buenos Aires","06","Almirante Brown","028","2021-04-13","Sputnik",">60",1,"I-210321"
"M","60-69","Tucumán","90","Capital","084","Tucumán","90","Capital","084","2021-04-13","Sputnik",">60",1,"I-220321"
"F","70-79","CABA","02","COMUNA 5","005","CABA","02","COMUNA 4","004","2021-04-13","Sputnik",">60",1,"I-350321"
"M","70-79","CABA","02","COMUNA 6","006","CABA","02","COMUNA 4","004","2021-04-13","Sputnik",">60",1,"I-350321"
"F","60-69","Buenos Aires","06","Moreno","560","Buenos Aires","06","Moreno","560","2021-04-11","Sinopharm",">60",1,"2021030209"
"F","60-69","Buenos Aires","06","Bahía Blanca","056","Buenos Aires","06","Bahía Blanca","056","2021-04-11","Sinopharm",">60",1,"2021030202"
"M","80-89","Buenos Aires","06","General San Martín","371","Buenos Aires","06","General San Martín","371","2021-04-14","Sinopharm",">60",1,"2021030209"
"M","70-79","CABA","02","COMUNA 1","001","CABA","02","COMUNA 4","004","2021-04-13","Sputnik","Salud",2,"II-80121"
"F","70-79","CABA","02","COMUNA 10","010","CABA","02","COMUNA 4","004","2021-04-09","Sinopharm",">60",1,"2021010038"
"F","18-29","Tucumán","90","Río Chico","077","Tucumán","90","Chicligasta","021","2021-04-12","Sinopharm","Salud",2,"2021010043"
"F","60-69","Entre Ríos","30","Gualeguaychú","056","Entre Ríos","30","Gualeguaychú","056","2021-04-12","Sinopharm",">60",1,"2021030202"